Timestamp,NodeID,EventID,Confidence,SterilityHash,Status
2026-03-28T20:10:09Z,Astro-Edge-01,1837,1.0000,d133414d5ac6,BIO_POSITIVE
2026-03-28T20:10:09Z,Astro-Edge-02,9121,1.0000,5d48da4a2a21,BIO_POSITIVE
2026-03-28T20:10:09Z,Astro-Edge-03,9224,1.0000,5eed30d6b54e,BIO_POSITIVE
2026-03-28T20:10:09Z,Astro-Edge-01,9224,1.0000,a669a1a4486c,BIO_POSITIVE
2026-03-28T20:10:09Z,Astro-Edge-02,9224,1.0000,5b30d0255aa6,BIO_POSITIVE
2026-03-28T20:10:09Z,Astro-Edge-03,9224,1.0000,9cd68ab36750,BIO_POSITIVE
2026-03-28T20:44:17Z,Astro-Edge-01,3705,1.0000,31584a331b68,BIO_POSITIVE
2026-03-28T20:44:17Z,Astro-Edge-02,5110,1.0000,849838ab2429,BIO_POSITIVE
2026-03-28T20:44:17Z,Astro-Edge-03,5110,1.0000,d590fd59419b,BIO_POSITIVE
2026-03-28T20:44:17Z,Astro-Edge-01,4118,1.0000,6f90453a8160,BIO_POSITIVE
2026-03-28T20:44:17Z,Astro-Edge-02,4118,1.0000,00a140249f4b,BIO_POSITIVE
2026-03-28T20:44:17Z,Astro-Edge-03,4075,1.0000,d118cdbd83a3,BIO_POSITIVE
2026-03-28T20:48:30Z,Astro-Edge-01,2586,1.0000,129f461bd31d,BIO_POSITIVE
2026-03-28T20:48:30Z,Astro-Edge-02,3264,1.0000,a7e06a31dc91,BIO_POSITIVE
2026-03-28T20:48:30Z,Astro-Edge-03,830,1.0000,1a48b8b3a407,BIO_POSITIVE
2026-03-28T20:48:30Z,Astro-Edge-01,830,1.0000,e8569a201082,BIO_POSITIVE
2026-03-28T20:48:30Z,Astro-Edge-02,8439,1.0000,14d0832384a7,BIO_POSITIVE
2026-03-28T20:48:30Z,Astro-Edge-03,8439,1.0000,00d9f963c9ba,BIO_POSITIVE
